step,time_s,cpu_C,gpu_C,fan,inlet_C,cpu_W,gpu_W,previous_pwm,pwm,rpm,next_fan,next_cpu_C,next_gpu_C,pred_cpu_C,pred_gpu_C,fallback,reason,solver_status,slack_max_C,safety_override,solve_s
0,0.0,59.0,60.0,0.5,28.815420735734953,451.9622432263705,594.3029315423257,0.5,0.4,2763.9183958275803,0.4606530659712634,61.62084041574789,62.25629492431246,61.63443030447649,62.26219697753742,0,,baseline,,0,0.0
1,10.0,61.62084041574789,62.25629492431246,0.4606530659712634,28.985012901931636,451.71646764117764,604.6872203464848,0.4,0.4,2620.7276647028652,0.4367879441171442,64.2041239838931,64.55019080578685,64.22550676859757,64.56480887832629,0,,baseline,,0,0.0
2,20.0,64.2041239838931,64.55019080578685,0.4367879441171442,28.981275691386486,449.9827222979805,592.3065137283895,0.4,0.4,2533.8780960890576,0.42231301601484295,66.71850433622156,66.73660967117505,66.7444486248049,66.75508023379363,0,,baseline,,0,0.0
3,30.0,66.71850433622156,66.73660967117505,0.42231301601484295,28.972955535580574,448.7237468082093,605.6366181310536,0.4,0.4,2481.2011699419677,0.41353352832366125,69.16037641371499,68.95046619232872,69.18902770519192,68.9728577182301,0,,baseline,,0,0.0
4,40.0,69.16037641371499,68.95046619232872,0.41353352832366125,29.018793561716404,452.55316838254964,598.9450902216357,0.4,0.4,2449.2509991743395,0.40820849986238994,71.56918375985103,71.0767880135484,71.59988851178873,71.10033875433977,0,,baseline,,0,0.0
5,50.0,71.56918375985103,71.0767880135484,0.40820849986238994,28.870475241713876,453.5087525179464,605.1235197930994,0.4,0.4,2429.8722410207183,0.4049787068367864,73.91180974023395,73.17915285142887,73.94319072017802,73.20389406509797,0,,baseline,,0,0.0
6,60.0,73.91180974023395,73.17915285142887,0.4049787068367864,28.95034331427058,445.9574311346274,600.1988855403076,0.4,0.4,2418.1184300533914,0.4030197383422319,76.12510974929117,75.20140578081681,76.1556815094977,75.22608317218264,0,,baseline,,0,0.0
7,70.0,76.12510974929117,75.20140578081681,0.4030197383422319,28.998390895511818,452.72300991318014,601.5554707024337,0.4,0.5,2647.070987505661,0.44117849791761016,78.28151055047852,77.1373158175483,78.35906761782653,77.2024259206737,0,,baseline,,1,0.0
8,80.0,78.28151055047852,77.1373158175483,0.44117849791761016,29.00267040512543,450.75158925219176,598.0308029727378,0.5,0.6,3022.0193373924994,0.5036698895654166,80.22634693345813,78.8891861475966,80.33475005870743,78.98105886010994,0,,baseline,,1,0.0
9,90.0,80.22634693345813,78.8891861475966,0.5036698895654166,28.81956789666196,445.61210678418126,607.0704578234445,0.6,0.7,3485.518611579947,0.5809197685966578,81.874307934214,80.47399488558376,82.00259408268086,80.58464586182622,0,,baseline,,1,0.0
10,100.0,81.874307934214,80.47399488558376,0.5809197685966578,29.135639280574697,447.9615978356659,606.220036396628,0.7,0.7999999999999999,4002.7267363016067,0.6671211227169345,83.27550234952542,81.82453539464935,83.41624113182233,81.94597044070073,0,,baseline,,1,0.0
11,110.0,83.27550234952542,81.82453539464935,0.6671211227169345,29.008901091288095,446.0304071000391,605.6910080687495,0.7999999999999999,0.8999999999999999,4552.510925570189,0.7587518209283648,84.35681957483244,82.9088559232111,84.50397009509308,83.0366706026177,0,,baseline,,1,0.0
12,120.0,84.35681957483244,82.9088559232111,0.7587518209283648,29.03375082508918,454.3278725929373,602.8680268598841,0.8999999999999999,0.9999999999999999,5122.053496759257,0.8536755827932094,85.20179775046715,83.7127892995401,85.35252286274117,83.84271783374658,0,,baseline,,1,0.0
13,130.0,85.20179775046715,83.7127892995401,0.8536755827932094,28.837639483346926,451.2274766309128,604.5901780899935,0.9999999999999999,1.0,5467.498528196992,0.9112497546994986,85.75676210024008,84.29684675167395,85.85163946118578,84.37987415762888,0,,baseline,,1,0.0
14,140.0,85.75676210024008,84.29684675167395,0.9112497546994986,29.15956529892503,448.3127498872714,600.4622627096307,1.0,1.0,5677.021531009374,0.946170255168229,86.14698930725487,84.73418490238491,86.2065276375237,84.7870524528696,0,,baseline,,1,0.0
15,150.0,86.14698930725487,84.73418490238491,0.946170255168229,29.080462057706086,446.668183142419,605.5737553930463,1.0,1.0,5804.10365613014,0.9673506093550233,86.4186910052487,85.10473299010724,86.45616004369215,85.13975786096044,0,,baseline,,1,0.0
16,160.0,86.4186910052487,85.10473299010724,0.9673506093550233,29.112346110700198,445.50097248527305,601.4625333867225,1.0,1.0,5881.18286131732,0.9801971435528867,86.6192419446333,85.39374866092575,86.64310341542826,85.41675300728289,0,,baseline,,1,0.0
17,170.0,86.6192419446333,85.39374866092575,0.9801971435528867,28.94722084918108,446.86007988988473,601.6716858232439,1.0,1.0,5927.933762489627,0.9879889604149379,86.78000746951871,85.63443379394243,86.79567816298832,85.6501310364999,0,,baseline,,1,0.0
18,180.0,86.78000746951871,85.63443379394243,0.9879889604149379,29.187669777850353,450.5196982370806,593.81282988751,1.0,1.0,5956.289617419827,0.9927149362366378,86.95763286132967,85.81713632902957,86.96940437482233,85.82759526206999,0,,baseline,,1,0.0
19,190.0,86.95763286132967,85.81713632902957,0.9927149362366378,28.997971245346566,452.79132401411056,607.2836614086118,1.0,1.0,5973.488312817357,0.9955813854695594,87.12078276423146,86.0434320631802,87.1295270353104,86.05271110956683,0,,baseline,,1,0.0
20,200.0,87.12078276423146,86.0434320631802,0.9955813854695594,29.08607124517558,445.413430144866,607.4648790854126,1.0,1.0,5983.919848883017,0.9973199748138362,87.21309041470512,86.25754924031487,87.21821352981041,86.26512457363783,0,,baseline,,1,0.0
21,210.0,87.21309041470512,86.25754924031487,0.9973199748138362,29.040744518559144,445.8364810316355,594.0345077091414,1.0,1.0,5990.246895334738,0.9983744825557896,87.296525779394,86.38139263589892,87.30041797239996,86.3858447976115,0,,baseline,,1,0.0
22,220.0,87.296525779394,86.38139263589892,0.9983744825557896,28.83449111841176,451.64803569995746,594.4656723229994,1.0,1.0,5994.084442993132,0.9990140738321888,87.40706422986754,86.48759648659572,87.41113379677385,86.49108710860084,0,,baseline,,1,0.0
23,230.0,87.40706422986754,86.48759648659572,0.9990140738321888,29.12298764976121,446.0894077040306,600.563020637601,1.0,1.0,5996.412033306057,0.9994020055510096,87.48190537670015,86.63542699297349,87.48459436429117,86.63964865560084,0,,baseline,,1,0.0
24,240.0,87.48190537670015,86.63542699297349,0.9994020055510096,28.97723066087705,445.37974015970286,592.0403114683337,1.0,1.0,5997.823788194096,0.9996372980323494,87.53671013535774,86.72039505548233,87.5386103151614,86.72283911740756,0,,baseline,,1,0.0
25,250.0,87.53671013535774,86.72039505548233,0.9996372980323494,29.16141209838225,454.7660765668818,593.9891171605627,1.0,1.0,5998.680060817691,0.9997800101362818,87.67489298583304,86.82082434999344,87.6790299545438,86.82354117570765,0,,baseline,,1,0.0
26,260.0,87.67489298583304,86.82082434999344,0.9997800101362818,29.09383628671483,454.89182932472977,606.461088874544,1.0,1.0,5999.199416416974,0.9998665694028289,87.80126607914062,86.9794465120746,87.80498654844487,86.98356214476931,0,,baseline,,1,0.0
27,270.0,87.80126607914062,86.9794465120746,0.9998665694028289,29.15401559704732,448.3764102398262,603.4764642157963,1.0,1.0,5999.514421511232,0.999919070251872,87.87062488080906,87.11638740822217,87.87267427622439,87.11991251496211,0,,baseline,,1,0.0
28,280.0,87.87062488080906,87.11638740822217,0.999919070251872,28.999244541701632,454.3734420652865,603.2483110971731,1.0,1.0,5999.705481758866,0.9999509136264777,87.97483617036265,87.23617976784817,87.97784718245804,87.23924579532128,0,,baseline,,1,0.0
29,290.0,87.97483617036265,87.23617976784817,0.9999509136264777,29.137473938882383,453.5721144043079,598.1695187195714,1.0,1.0,5999.821365656908,0.9999702276094846,88.07454830045728,87.3293860197137,88.077413056568,87.33176463044882,0,,baseline,,1,0.0
30,300.0,88.07454830045728,87.3293860197137,0.9999702276094846,29.084945705632595,445.9295297203761,595.2975007113765,1.0,1.0,5999.891652794037,0.9999819421323396,88.10303775478276,87.39909369435411,88.10386536569146,87.40086918738227,0,,baseline,,1,0.0
31,310.0,88.10303775478276,87.39909369435411,0.9999819421323396,29.174628644205047,449.0466027106336,602.9607534331329,1.0,1.0,5999.93428409769,0.9999890473496149,88.16047602185019,87.51138484951507,88.16212041403092,87.51422988440476,0,,baseline,,1,0.0
32,320.0,88.16047602185019,87.51138484951507,0.9999890473496149,29.03025235057909,447.6032074983606,601.3811810503844,1.0,1.0,5999.960141290418,0.9999933568817363,88.19393790306563,87.60119436601252,88.1948961531821,87.60346807311625,0,,baseline,,1,0.0
33,330.0,88.19393790306563,87.60119436601252,0.9999933568817363,29.164981504680114,448.27349859460526,597.5519510569384,1.0,1.0,5999.975824470581,0.9999959707450968,88.23897516748885,87.67267966754693,88.24026022327183,87.6744884106403,0,,baseline,,1,0.0
34,340.0,88.23897516748885,87.67267966754693,0.9999959707450968,28.87432178717131,446.77830478424136,605.2378760800067,1.0,1.0,5999.985336800192,0.9999975561333654,88.25149045777947,87.7661838764822,88.2518488308537,87.7685474041293,0,,baseline,,1,0.0
35,350.0,88.25149045777947,87.7661838764822,0.9999975561333654,29.08248428922193,454.64998051904865,602.7144366781026,1.0,1.0,5999.991106319746,0.9999985177199577,88.33967454802804,87.85222404227889,88.34218463996135,87.85439825496321,0,,baseline,,1,0.0
36,360.0,88.33967454802804,87.85222404227889,0.9999985177199577,29.18352795630668,447.21935215185584,595.0045535298104,1.0,1.0,5999.994605710248,0.999999100951708,88.3684288399614,87.89729765377342,88.36924770494304,87.89843675548771,0,,baseline,,1,0.0
37,370.0,88.3684288399614,87.89729765377342,0.999999100951708,28.88660915488042,448.83777475526443,607.8334486948431,1.0,1.0,5999.996728197878,0.9999994546996464,88.39050405003545,87.99335451514344,88.39113257312245,87.99578092118222,0,,baseline,,1,0.0
38,380.0,88.39050405003545,87.99335451514344,0.9999994546996464,28.889945581736242,449.58317685882804,592.9795333261476,1.0,1.0,5999.998015551701,0.9999996692586168,88.41747952022038,88.00389742574765,88.41824724187408,88.00416396972652,0,,baseline,,1,0.0
39,390.0,88.41747952022038,88.00389742574765,0.9999996692586168,28.81088226742668,450.4581244186257,601.811986189707,1.0,1.0,5999.998796371264,0.9999997993952107,88.44509993612104,88.05744484987677,88.44588588112775,88.05879737700951,0,,baseline,,1,0.0
40,400.0,88.44509993612104,88.05744484987677,0.9999997993952107,29.00433474745743,454.14675917503683,605.7758775359977,1.0,1.0,5999.999269962268,0.9999998783270447,88.51268620678448,88.14005220116171,88.51460903449332,88.142138579224,0,,baseline,,1,0.0
41,410.0,88.51268620678448,88.14005220116171,0.9999998783270447,29.180448037718346,450.78938792240285,596.2158789896512,1.0,1.0,5999.999557209733,0.9999999262016223,88.55966342456672,88.17592339340068,88.56099991486097,88.17682939419245,0,,baseline,,1,0.0
42,420.0,88.55966342456672,88.17592339340068,0.9999999262016223,28.851977403309558,452.64217886262384,594.4737568198677,1.0,1.0,5999.999731434127,0.9999999552390212,88.59883696390676,88.18261183632734,88.5999514257432,88.18278079308426,0,,baseline,,1,0.0
43,430.0,88.59883696390676,88.18261183632734,0.9999999552390212,28.80244626733185,451.9924973860036,593.9922737558175,1.0,1.0,5999.999837106564,0.999999972851094,88.62735549549247,88.18364483202555,88.62816682408145,88.18367094371165,0,,baseline,,1,0.0
44,440.0,88.62735549549247,88.18364483202555,0.999999972851094,29.048978222654746,447.0101469290803,598.8015586263539,1.0,1.0,5999.999901200135,0.999999983533356,88.62875181588338,88.22404074708885,88.62879155455684,88.2250609730043,0,,baseline,,1,0.0
45,450.0,88.62875181588338,88.22404074708885,0.999999983533356,28.805894893964652,448.76135789725146,597.2541039362682,1.0,1.0,5999.999940074853,0.9999999900124755,88.62948054918434,88.24069053843368,88.62950128999464,88.24111104282422,0,,baseline,,1,0.0
46,460.0,88.62948054918434,88.24069053843368,0.9999999900124755,28.904455407077702,446.33862618661874,601.210340279508,1.0,1.0,5999.999963653561,0.9999999939422602,88.61652365440946,88.28321649152232,88.61615505918309,88.28429050347216,0,,baseline,,1,0.0
47,470.0,88.61652365440946,88.28321649152232,0.9999999939422602,29.077027074225363,446.99692362818854,592.7015929330274,1.0,1.0,5999.999977954772,0.9999999963257953,88.62017560461562,88.2866828425283,88.62027949974996,88.28677038946289,0,,baseline,,1,0.0
48,480.0,88.62017560461562,88.2866828425283,0.9999999963257953,28.907293604251368,451.99346400320246,596.3725052877916,1.0,1.0,5999.999986628894,0.9999999977714823,88.65377679324865,88.30065559125681,88.65473269058941,88.30100847947494,0,,baseline,,1,0.0
49,490.0,88.65377679324865,88.30065559125681,0.9999999977714823,29.059006052596384,445.7355571152078,603.2534121679844,1.0,1.0,5999.999991890014,0.9999999986483357,88.64384903078455,88.35937764459791,88.64356660455834,88.3608606903543,0,,baseline,,1,0.0
50,500.0,88.64384903078455,88.35937764459791,0.9999999986483357,28.85688691830634,447.2328864045435,603.6737492331862,1.0,1.0,5999.999995081045,0.9999999991801742,88.63437416543437,88.40624316551373,88.63410462283312,88.4074267702295,0,,baseline,,1,0.0
51,510.0,88.63437416543437,88.40624316551373,0.9999999991801742,28.990020364434685,451.40373991059715,596.5770942651619,1.0,1.0,5999.999997016504,0.9999999995027505,88.66736145654134,88.41932861363088,88.66829988790509,88.41965909131406,0,,baseline,,1,0.0
52,520.0,88.66736145654134,88.41932861363088,0.9999999995027505,29.067381436956822,447.9902709068862,599.6950632306499,1.0,1.0,5999.9999981904175,0.9999999996984029,88.67538666100005,88.4527923193485,88.6756149643565,88.45363745640871,0,,baseline,,1,0.0
53,530.0,88.67538666100005,88.4527923193485,0.9999999996984029,28.977622542703212,454.12229329077996,604.0355485375695,1.0,1.0,5999.999998902433,0.9999999998170721,88.7271560982416,88.50309876307138,88.72862884859654,88.50436926887414,0,,baseline,,1,0.0
54,540.0,88.7271560982416,88.50309876307138,0.9999999998170721,29.019404162427286,453.45371950784596,601.7609226021497,1.0,1.0,5999.999999334291,0.9999999998890485,88.77290122941066,88.54061774595131,88.77420259869803,88.54156530019782,0,,baseline,,1,0.0
55,550.0,88.77290122941066,88.54061774595131,0.9999999998890485,29.089520804386247,450.18038331085694,601.2015923345671,1.0,1.0,5999.999999596226,0.9999999999327044,88.79360418441597,88.57687225408462,88.79419314743487,88.57778787357178,0,,baseline,,1,0.0
56,560.0,88.79360418441597,88.57687225408462,0.9999999999327044,28.88547931496477,454.30717279758477,602.2276682527398,1.0,1.0,5999.9999997550985,0.9999999999591831,88.83408779868057,88.60566583441688,88.8352394869234,88.60639302571616,0,,baseline,,1,0.0
57,570.0,88.83408779868057,88.60566583441688,0.9999999999591831,29.127831399899904,451.06369292330584,592.3971113737043,1.0,1.0,5999.9999998514595,0.9999999999752432,88.86055785463336,88.59276263690262,88.86131088157285,88.59243676246109,0,,baseline,,1,0.0
58,580.0,88.86055785463336,88.59276263690262,0.9999999999752432,28.843267285224627,453.81791939123116,603.1943265304812,1.0,1.0,5999.9999999099055,0.9999999999849842,88.89044300853716,88.62364585462649,88.89129318904652,88.62442582037781,0,,baseline,,1,0.0
59,590.0,88.89044300853716,88.62364585462649,0.9999999999849842,29.161758699327756,453.9350033292598,595.7019016966801,1.0,1.0,5999.999999945355,0.9999999999908925,88.93881581179043,88.62951447487127,88.94019193366692,88.62966268879778,0,,baseline,,1,0.0
60,600.0,88.93881581179043,88.62951447487127,0.9999999999908925,31.194066477410324,451.1069089020548,603.6805592548892,1.0,1.0,5999.999999966856,0.9999999999944761,89.08483911113002,88.78842382995528,89.08899321926843,88.79243713756274,0,,baseline,,1,0.0
61,610.0,89.08483911113002,88.78842382995528,0.9999999999944761,31.00663566011283,447.56233894600507,599.7764255998173,1.0,1.0,5999.999999979898,0.9999999999966497,89.18187699482604,88.9074106885984,89.18463755334086,88.91041574053277,0,,baseline,,1,0.0
62,620.0,89.18187699482604,88.9074106885984,0.9999999999966497,30.98482424741732,447.9722486484187,597.4690328190833,1.0,1.0,5999.999999987807,0.999999999997968,89.27501369358527,89.00626502566975,89.2776632701929,89.00876162420299,0,,baseline,,1,0.0
63,630.0,89.27501369358527,89.00626502566975,0.999999999997968,30.977132724803717,447.6672990991695,594.2295161622121,1.0,1.0,5999.999999992605,0.9999999999987674,89.35955199175888,89.08179197435474,89.36195695886876,89.08369943208362,0,,baseline,,1,0.0
64,640.0,89.35955199175888,89.08179197435474,0.9999999999987674,31.121739966634994,448.5817035535577,597.8372216344889,1.0,1.0,5999.999999995514,0.9999999999992524,89.45515000638923,89.18061126947332,89.45786960313853,89.18310698300954,0,,baseline,,1,0.0
65,650.0,89.45515000638923,89.18061126947332,0.9999999999992524,31.11336892660752,451.98252364922956,599.1597972305445,1.0,1.0,5999.999999997278,0.9999999999995464,89.57198594079748,89.28078888338766,89.5753097193153,89.28331890170797,0,,baseline,,1,0.0
66,660.0,89.57198594079748,89.28078888338766,0.9999999999995464,30.92385415684025,452.95995013495906,595.7860692490689,1.0,1.0,5999.999999998349,0.9999999999997249,89.67812449861137,89.34698768865253,89.68114395542614,89.34865956107546,0,,baseline,,1,0.0
67,670.0,89.67812449861137,89.34698768865253,0.9999999999997249,30.985206002539865,448.7444550768561,607.9174579899943,1.0,1.0,5999.999999998999,0.9999999999998331,89.74738390884758,89.47866026115118,89.74935421824817,89.48198569492473,0,,baseline,,1,0.0
68,680.0,89.74738390884758,89.47866026115118,0.9999999999998331,30.895964079583575,450.9343710760507,600.4344212576682,1.0,1.0,5999.9999999993925,0.9999999999998987,89.82475550812552,89.55781376601968,89.82695659515282,89.55981281360712,0,,baseline,,1,0.0
69,690.0,89.82475550812552,89.55781376601968,0.9999999999998987,30.81945416315923,446.81517990700394,606.1747131503643,1.0,1.0,5999.999999999631,0.9999999999999384,89.85939847465939,89.65963727519902,89.8603840066238,89.66220886114083,0,,baseline,,1,0.0
70,700.0,89.85939847465939,89.65963727519902,0.9999999999999384,31.115483415591743,447.13532441408296,594.8570884093771,1.0,1.0,5999.999999999774,0.9999999999999625,89.91252026466216,89.71065735647635,89.91403148691853,89.71194588527308,0,,baseline,,1,0.0
71,710.0,89.91252026466216,89.71065735647635,0.9999999999999625,31.175356506234444,450.8867488434579,603.4620036735192,1.0,1.0,5999.999999999864,0.9999999999999772,89.99644946414256,89.80878464843472,89.99883710345603,89.81126288520478,0,,baseline,,1,0.0
72,720.0,89.99644946414256,89.80878464843472,0.9999999999999772,31.162841529219616,447.6094394852033,599.9969537721204,1.0,1.0,5999.999999999917,0.9999999999999862,90.04796218358086,89.8821404817124,90.04942763058662,89.88399310721239,0,,baseline,,1,0.0
73,730.0,90.04796218358086,89.8821404817124,0.9999999999999862,31.165491815003204,446.86232298559815,596.0750617781924,1.0,1.0,5999.999999999949,0.9999999999999916,90.09045172379405,89.93041341693605,90.09166047709145,89.93163256566298,0,,baseline,,1,0.0
74,740.0,90.09045172379405,89.93041341693605,0.9999999999999916,31.152666133958064,453.416012208644,600.2463459208768,1.0,1.0,5999.999999999969,0.9999999999999949,90.18268307187634,89.99797855451773,90.18530689283469,89.99968493410884,0,,baseline,,1,0.0
75,750.0,90.18268307187634,89.99797855451773,0.9999999999999949,30.85348907143895,453.3325887050954,596.9334604145378,1.0,1.0,5999.999999999981,0.9999999999999969,90.25045210851987,90.02771946904008,90.25238001939148,90.02847058553859,0,,baseline,,1,0.0
76,760.0,90.25045210851987,90.02771946904008,0.9999999999999969,31.10295262928617,447.5482637506481,594.4653692925924,1.0,1.0,5999.999999999988,0.999999999999998,90.2823935766102,90.05599264787979,90.2833022556565,90.05670669623483,0,,baseline,,1,0.0
77,770.0,90.2823935766102,90.05599264787979,0.999999999999998,31.077264152520726,448.931372094995,598.0167591065971,1.0,1.0,5999.999999999994,0.9999999999999989,90.32203988670248,90.1005857357483,90.32316775506291,90.10171194872983,0,,baseline,,1,0.0
78,780.0,90.32203988670248,90.1005857357483,0.9999999999999989,30.975710131620076,449.591543120285,599.5325985601795,1.0,1.0,5999.999999999994,0.9999999999999989,90.35845453641863,90.14547342972074,90.35949046967887,90.14660708307551,0,,baseline,,1,0.0
79,790.0,90.35845453641863,90.14547342972074,0.9999999999999989,31.059314295511346,446.0655735439766,602.8056966921808,1.0,1.0,5999.999999999994,0.9999999999999989,90.36916664346974,90.21019500603101,90.3694713842284,90.21182957055456,0,,baseline,,1,0.0
80,800.0,90.36916664346974,90.21019500603101,0.9999999999999989,30.994661132936237,453.1830973234969,596.5959038862767,1.0,1.0,5999.999999999994,0.9999999999999989,90.43297074471432,90.23425711601226,90.43478586009054,90.23486481244952,0,,baseline,,1,0.0
81,810.0,90.43297074471432,90.23425711601226,0.9999999999999989,31.0667571506588,447.0558510309477,603.1842874393053,1.0,1.0,5999.999999999994,0.9999999999999989,90.44763076824816,90.29662254447008,90.44804782034376,90.29819760371099,0,,baseline,,1,0.0
82,820.0,90.44763076824816,90.29662254447008,0.9999999999999989,31.07232553265993,450.4386926014926,599.6715409931357,1.0,1.0,5999.999999999994,0.9999999999999989,90.48914884582295,90.33687577421586,90.49032996270299,90.33789238266472,0,,baseline,,1,0.0
83,830.0,90.48914884582295,90.33687577421586,0.9999999999999989,31.18017519767944,448.58708426408964,593.3168512898782,1.0,1.0,5999.999999999994,0.9999999999999989,90.51969471823104,90.34635766987289,90.52056369501473,90.34659713824094,0,,baseline,,1,0.0
84,840.0,90.51969471823104,90.34635766987289,0.9999999999999989,30.932416116957974,445.42909831468586,606.2588535018185,1.0,1.0,5999.999999999994,0.9999999999999989,90.5077390754546,90.41202932183799,90.50739895827385,90.41368788083217,0,,baseline,,1,0.0
85,850.0,90.5077390754546,90.41202932183799,0.9999999999999989,31.134018165831183,446.85180574823,602.0582942195424,1.0,1.0,5999.999999999994,0.9999999999999989,90.52028952802334,90.4623050511132,90.52064656650505,90.46357478105729,0,,baseline,,1,0.0
86,860.0,90.52028952802334,90.4623050511132,0.9999999999999989,30.882014961019607,453.5504694374527,598.6313105183649,1.0,1.0,5999.999999999994,0.9999999999999989,90.57104082697649,90.47763136677487,90.57248461289771,90.4780184378767,0,,baseline,,1,0.0
87,870.0,90.57104082697649,90.47763136677487,0.9999999999999989,30.823612940345615,451.3470610005785,593.3338701986113,1.0,1.0,5999.999999999994,0.9999999999999989,90.59730492463859,90.46025729861371,90.5980520924002,90.45981851085442,0,,baseline,,1,0.0
88,880.0,90.59730492463859,90.46025729861371,0.9999999999999989,31.157712295962597,454.283423513258,601.8241710914962,1.0,1.0,5999.999999999994,0.9999999999999989,90.6660693532534,90.5079349672334,90.66802558129015,90.50913908230808,0,,baseline,,1,0.0
89,890.0,90.6660693532534,90.5079349672334,0.9999999999999989,30.897835871704203,452.7463256118448,592.6293777100883,1.0,1.0,5999.999999999994,0.9999999999999989,90.70240706297047,90.48912332123871,90.70344080742196,90.48864822698228,0,,baseline,,1,0.0
90,900.0,90.70240706297047,90.48912332123871,0.9999999999999989,30.844372922478446,448.04161630767686,593.1555939454774,1.0,1.0,5999.999999999994,0.9999999999999989,90.69516605901778,90.47128543378264,90.69496006508702,90.47083493211579,0,,baseline,,1,0.0
91,910.0,90.69516605901778,90.47128543378264,0.9999999999999989,31.14945249409016,451.6827721038656,604.9298887012603,1.0,1.0,5999.999999999994,0.9999999999999989,90.73640877864847,90.5347469118097,90.73758206207535,90.53634965214007,0,,baseline,,1,0.0
92,920.0,90.73640877864847,90.5347469118097,0.9999999999999989,31.06286832593995,447.2449697002094,596.4514070031454,1.0,1.0,5999.999999999994,0.9999999999999989,90.73392458548452,90.54413547364254,90.7338539145226,90.54437258483442,0,,baseline,,1,0.0
93,930.0,90.73392458548452,90.54413547364254,0.9999999999999989,31.043197379071373,452.91270257296003,602.0027826680761,1.0,1.0,5999.999999999994,0.9999999999999989,90.77632056486992,90.58203065038252,90.77752665652501,90.58298770543347,0,,baseline,,1,0.0
94,940.0,90.77632056486992,90.58203065038252,0.9999999999999989,30.928462864432543,452.9973319600017,598.5661234792439,1.0,1.0,5999.999999999994,0.9999999999999989,90.80985327774148,90.59303303501247,90.81080722492592,90.59331090382555,0,,baseline,,1,0.0
95,950.0,90.80985327774148,90.59303303501247,0.9999999999999989,31.05115351589261,453.497390702839,602.6185645257117,1.0,1.0,5999.999999999994,0.9999999999999989,90.85285610960025,90.63204645684206,90.8540794651496,90.63303175353755,0,,baseline,,1,0.0
96,960.0,90.85285610960025,90.63204645684206,0.9999999999999989,30.98380645922631,450.9064713670462,595.2635195782716,1.0,1.0,5999.999999999994,0.9999999999999989,90.8681590913747,90.6254417042572,90.8685944345106,90.62527489907603,0,,baseline,,1,0.0
97,970.0,90.8681590913747,90.6254417042572,0.9999999999999989,30.974737374890697,453.32806534401016,599.7582828789722,1.0,1.0,5999.999999999994,0.9999999999999989,90.90160269964714,90.64305921052961,90.9025541119612,90.64350414639779,0,,baseline,,1,0.0
98,980.0,90.90160269964714,90.64305921052961,0.9999999999999989,30.806724940307344,453.1446549906668,594.4732595015017,1.0,1.0,5999.999999999994,0.9999999999999989,90.92131744775213,90.62197999954232,90.92187829794396,90.62144763719229,0,,baseline,,1,0.0
99,990.0,90.92131744775213,90.62197999954232,0.9999999999999989,30.813021942685644,450.7858041806925,604.2890207609327,1.0,1.0,5999.999999999994,0.9999999999999989,90.92110343514331,90.6555729334399,90.92109734685789,90.65642133394435,0,,baseline,,1,0.0
100,1000.0,90.92110343514331,90.6555729334399,0.9999999999999989,30.844930324183427,449.43754673581174,599.3840884095345,1.0,1.0,5999.999999999994,0.9999999999999989,90.91191684756436,90.66249620786883,90.91165550517341,90.66267105742308,0,,baseline,,1,0.0
101,1010.0,90.91191684756436,90.66249620786883,0.9999999999999989,30.849171745836156,451.29129997063524,596.0227845869346,1.0,1.0,5999.999999999994,0.9999999999999989,90.91856692859065,90.65106024878294,90.91875611179498,90.65077142990553,0,,baseline,,1,0.0
102,1020.0,90.91856692859065,90.65106024878294,0.9999999999999989,31.076556973622182,450.02698502045075,600.3905065529946,1.0,1.0,5999.999999999994,0.9999999999999989,90.92838682271811,90.67623269814781,90.92866618157554,90.67686843656843,0,,baseline,,1,0.0
103,1030.0,90.92838682271811,90.67623269814781,0.9999999999999989,30.892471922923022,452.6325111073016,592.1765408804184,1.0,1.0,5999.999999999994,0.9999999999999989,90.94753500175163,90.6455570501354,90.94807973404177,90.64478232663765,0,,baseline,,1,0.0
104,1040.0,90.94753500175163,90.6455570501354,0.9999999999999989,30.925251979726593,446.02350573177813,593.3767126952818,1.0,1.0,5999.999999999994,0.9999999999999989,90.91396001056856,90.62482325550054,90.91300486063987,90.62429961675313,0,,baseline,,1,0.0
105,1050.0,90.91396001056856,90.62482325550054,0.9999999999999989,30.804350453358794,450.22984203690226,593.1529670543262,1.0,1.0,5999.999999999994,0.9999999999999989,90.90916127908982,90.59744925607995,90.90902476355046,90.59675791679449,0,,baseline,,1,0.0
106,1060.0,90.90916127908982,90.59744925607995,0.9999999999999989,30.84564016422439,449.32479620263206,602.8788973169476,1.0,1.0,5999.999999999994,0.9999999999999989,90.89982997054913,90.62649788134142,90.89956451109933,90.62723151384881,0,,baseline,,1,0.0
107,1070.0,90.89982997054913,90.62649788134142,0.9999999999999989,30.880965395974012,451.56890065244323,600.9287918275993,1.0,1.0,5999.999999999994,0.9999999999999989,90.91139607135077,90.64531957214412,90.91172510674188,90.64579492008545,0,,baseline,,1,0.0
108,1080.0,90.91139607135077,90.64531957214412,0.9999999999999989,31.169762758703122,453.1027745835054,607.8641449239694,1.0,1.0,5999.999999999994,0.9999999999999989,90.9522385469893,90.71635107497647,90.95340044417284,90.71814499875279,0,,baseline,,1,0.0
109,1090.0,90.9522385469893,90.71635107497647,0.9999999999999989,30.942904146613074,453.85297466651997,597.1327583043848,1.0,1.0,5999.999999999994,0.9999999999999989,90.98289125316865,90.71309058104087,90.9837632691868,90.71300823620288,0,,baseline,,1,0.0
110,1100.0,90.98289125316865,90.71309058104087,0.9999999999999989,30.913180317480535,449.2553944545251,592.3682600782356,1.0,1.0,5999.999999999994,0.9999999999999989,90.9726214319735,90.68257870965446,90.97232927347585,90.68180812238883,0,,baseline,,1,0.0
111,1110.0,90.9726214319735,90.68257870965446,0.9999999999999989,31.089292409215446,445.88498383974354,601.801480175303,1.0,1.0,5999.999999999994,0.9999999999999989,90.94636841913342,90.71437901138741,90.94562156671564,90.71518213838176,0,,baseline,,1,0.0
112,1120.0,90.94636841913342,90.71437901138741,0.9999999999999989,30.823559355795133,449.27210623554214,596.043203216145,1.0,1.0,5999.999999999994,0.9999999999999989,90.93300717538081,90.69885445934823,90.9326270713043,90.69846238172198,0,,baseline,,1,0.0
113,1130.0,90.93300717538081,90.69885445934823,0.9999999999999989,31.178078688796226,447.98462681663386,597.7031140864572,1.0,1.0,5999.999999999994,0.9999999999999989,90.93157024655952,90.7123760579692,90.9315293684412,90.71271755035345,0,,baseline,,1,0.0
114,1140.0,90.93157024655952,90.7123760579692,0.9999999999999989,30.922793135143504,446.2494930579777,602.3062266585464,1.0,1.0,5999.999999999994,0.9999999999999989,90.90064716043508,90.7362746979658,90.89976745257917,90.73687826591525,0,,baseline,,1,0.0
115,1150.0,90.90064716043508,90.7362746979658,0.9999999999999989,30.921069150515322,447.71100377697684,597.0016800261928,1.0,1.0,5999.999999999994,0.9999999999999989,90.88334089923096,90.73004115345319,90.88284856628991,90.72988372325295,0,,baseline,,1,0.0
116,1160.0,90.88334089923096,90.73004115345319,0.9999999999999989,30.94121476722947,452.934819142516,595.4624871662048,1.0,1.0,5999.999999999994,0.9999999999999989,90.91063827932426,90.71689658657755,90.9114148421685,90.71656461625301,0,,baseline,,1,0.0
117,1170.0,90.91063827932426,90.71689658657755,0.9999999999999989,30.84954622511978,448.30607647896466,601.118667536803,1.0,1.0,5999.999999999994,0.9999999999999989,90.89320008286346,90.73014620710121,90.89270399659452,90.73048083058993,0,,baseline,,1,0.0
118,1180.0,90.89320008286346,90.73014620710121,0.9999999999999989,30.912982558972594,446.09621886132413,597.7169613246011,1.0,1.0,5999.999999999994,0.9999999999999989,90.86277064262298,90.72768245682548,90.8619049781313,90.72762023400854,0,,baseline,,1,0.0
119,1190.0,90.86277064262298,90.72768245682548,0.9999999999999989,31.184290490111124,453.9587611041484,599.1137791186037,1.0,1.0,5999.999999999994,0.9999999999999989,90.91438691602356,90.74762252745597,90.91585530895888,90.74812612044471,0,,baseline,,1,0.0
