step,inlet,power,pwm,plate,air,fan
0,22.0,0.8,0.25,22.019436617592827,22.03305861208746,0.40006973790838696
1,22.0,0.8,0.25,21.93594772024068,21.92360197391297,0.35711844481711635
2,22.0,0.8,0.25,21.89652431849548,21.99310112428999,0.3285811961962445
3,22.0,0.8,0.25,21.9559296848258,21.86978654700199,0.30885082449058987
4,22.0,0.8,0.25,22.001696996480216,22.011252714818916,0.29077480169048675
5,22.0,0.8,0.25,22.009245677870812,22.036699883211472,0.27866632414741077
6,22.0,0.8,0.25,22.200673661125066,22.019764888913713,0.26496768136963283
7,22.0,0.8,0.25,22.247861712045918,22.040115617197284,0.27503949521804266
8,22.0,0.8,0.25,21.938683672737934,21.935602107067186,0.25386989326842985
9,22.0,0.8,0.25,22.0386139370271,21.96580901206867,0.2556488942357582
10,22.0,0.8,0.25,22.215736313898123,22.048404007608845,0.266825555460646
11,22.0,0.8,0.25,22.130361765349747,21.94549903567548,0.24982901660477158
12,22.0,0.8,0.25,22.287097110390494,22.002750779382946,0.246006568819534
13,22.0,0.8,0.25,22.196052862684645,22.048773477843095,0.257581565437269
14,22.0,0.8,0.25,22.56028588744478,22.05757091717259,0.25577421564966446
15,22.0,0.8,0.75,22.248849794411232,22.008642808531736,0.24635018546156184
16,22.0,0.8,0.75,22.335931622567344,21.947766288371195,0.3960884753419889
17,22.0,0.8,0.75,22.31357252028688,22.07371528464701,0.4883799700971073
18,22.0,0.8,0.75,22.38304150134689,22.154341520184644,0.5659976160663874
19,22.0,0.8,0.75,22.254908578830918,22.090719953139043,0.6073214550920292
20,22.0,2.8,0.75,22.503962437302253,22.11772432783299,0.6498644135699705
21,22.0,2.8,0.75,22.476904327233658,21.996801329580673,0.6789045612766117
22,22.0,2.8,0.75,22.502549369375764,22.17613254256697,0.7026454844737968
23,22.0,2.8,0.75,22.571185596860804,22.191839985930518,0.7171692006277041
24,22.0,2.8,0.75,22.557468178970407,21.988925361096257,0.7245657664490119
25,22.0,2.8,0.75,22.772744862093656,22.20145749533474,0.7350525352565147
26,22.0,2.8,0.75,22.759834782450227,22.122882325699866,0.7383596236144869
27,22.0,2.8,0.75,22.817922833363728,22.12123030992614,0.7490958032681865
28,22.0,2.8,0.75,22.695867797330354,22.153005011569334,0.7458636699186902
29,22.0,2.8,0.75,23.080840005457794,22.228322029680623,0.7406136080571195
30,22.0,2.8,0.25,22.942649789371533,22.328794511505034,0.7512203187954672
31,22.0,2.8,0.25,22.996527925340942,22.178270764516913,0.6059784823940659
32,22.0,2.8,0.25,23.161959679615507,22.421446094783,0.4969948029244321
33,22.0,2.8,0.25,23.220112166884505,22.233255297823323,0.43791296205761177
34,22.0,2.8,0.25,23.193419027751094,22.07523355865973,0.37727588473337587
35,22.0,2.8,0.25,23.574932011701343,22.306326767103894,0.3440060296901217
36,22.0,2.8,0.25,23.555501195505496,22.310355310395767,0.3192631487862904
37,22.0,2.8,0.25,23.786449339467186,22.263614795437384,0.3001627491725294
38,22.0,2.8,0.25,23.678811038814917,22.36522306990881,0.28566221753131793
39,22.0,2.8,0.25,23.949287167393106,22.25447549305858,0.27253248211756254
40,22.0,0.8,0.25,23.987218029603085,22.45769776924678,0.2731042815681558
41,22.0,0.8,0.25,24.00947739256104,22.268639047919574,0.26470472225906644
42,22.0,0.8,0.25,24.047318807401613,22.27579619787457,0.26599406203533194
43,22.0,0.8,0.25,24.199520488100003,22.251313808543824,0.25583139347335254
44,22.0,0.8,0.25,24.226080757499968,22.41530037601707,0.25162767401717134
45,22.0,0.8,0.75,24.449383646300898,22.530479277264593,0.2519890251017685
46,22.0,0.8,0.75,24.23021043051913,22.464786059234715,0.3974549039055095
47,22.0,0.8,0.75,24.32581348937188,22.64165297985147,0.5002067227385679
48,22.0,0.8,0.75,24.234025862737578,22.597290912550587,0.5684130704588902
49,22.0,0.8,0.75,24.2485195376032,22.48611301658109,0.6216954768825423
50,22.0,0.8,0.75,24.274993217011925,22.430613063152943,0.6519013631553618
51,22.0,0.8,0.75,24.208938296181767,22.477422480436058,0.678844945963511
52,22.0,0.8,0.75,24.262189911199588,22.411637936068995,0.6998043058371921
53,22.0,0.8,0.75,24.403998766573753,22.764210446010594,0.7158290338372125
54,22.0,0.8,0.75,24.19515783820684,22.52083935309836,0.7246690146478219
55,22.0,0.8,0.75,24.159742396468328,22.506614929624842,0.7348990841326997
56,22.0,0.8,0.75,24.17512530326573,22.508298849817514,0.7384481557207555
57,22.0,0.8,0.75,24.158093551068138,22.571890676194563,0.7441300464026732
58,22.0,0.8,0.75,24.105633798649148,22.63568329781668,0.7580195599871751
59,22.0,0.8,0.75,24.01095657731224,22.566922926787914,0.7429517667099989
60,22.0,2.8,0.25,24.013989585958885,22.609629503642843,0.7445390245541074
61,22.0,2.8,0.25,24.12965046907891,22.676081349689692,0.6040222051132335
62,22.0,2.8,0.25,24.025001866995975,22.430275835261973,0.5117696516304148
63,22.0,2.8,0.25,24.271241007302212,22.332683071657883,0.43103382604004814
64,22.0,2.8,0.25,24.152045006060582,22.353987155507863,0.38270250561179664
65,22.0,2.8,0.25,24.017364877230413,22.55031333975713,0.34795472536091726
66,22.0,2.8,0.25,24.365365206386198,22.55849526571392,0.3142629378094041
67,22.0,2.8,0.25,24.304824243890188,22.399601673063934,0.29246392422377243
68,22.0,2.8,0.25,24.473556092886916,22.38009248738619,0.2838704910913493
69,22.0,2.8,0.25,24.57128664672427,22.490200156433083,0.27236921475918613
70,22.0,2.8,0.25,24.528198812932754,22.537679759009613,0.2643872309347768
71,22.0,2.8,0.25,24.61383684891395,22.458171386070283,0.25915448319776074
72,22.0,2.8,0.25,24.607096559743752,22.620285945227103,0.2594337967330632
73,22.0,2.8,0.25,24.67535383073203,22.643142529270477,0.2529111645963411
74,22.0,2.8,0.25,24.638632482123842,22.592233965619744,0.26392319145229604
75,22.0,2.8,0.75,24.782368219990577,22.522361414566102,0.25763709862886447
76,22.0,2.8,0.75,25.03687437581132,22.608843627806664,0.39855531191441657
77,22.0,2.8,0.75,24.940393461055322,22.40618566312428,0.491693250899086
78,22.0,2.8,0.75,24.84282925232316,22.513062122339587,0.5647080844256375
79,22.0,2.8,0.75,25.056803775214153,22.663989687595517,0.6195701447698434
80,22.0,0.8,0.75,25.035211571593802,22.676125341156222,0.6659498440381453
81,22.0,0.8,0.75,25.13368130736199,22.763564786804903,0.683539289568658
82,22.0,0.8,0.75,25.043643595765783,22.585247714891576,0.7061608053832323
83,22.0,0.8,0.75,25.209161797011106,22.696372466566594,0.7131161431165718
84,22.0,0.8,0.75,25.14616899942594,22.733190248946386,0.7286269570591668
85,22.0,0.8,0.75,24.981446396737475,22.733569803544242,0.7328118397689036
86,22.0,0.8,0.75,24.853230728814104,22.916801182597975,0.7528053265566225
87,22.0,0.8,0.75,25.192269460895805,22.935839201238736,0.7321471235533101
88,22.0,0.8,0.75,24.873259729120733,22.686079672952484,0.7469425565204855
89,22.0,0.8,0.75,25.016135152749683,22.81129922071622,0.742049562529319
90,22.0,0.8,0.25,24.976028336769076,22.828073317110256,0.7422547957029302
91,22.0,0.8,0.25,24.71826676918406,22.860708029112846,0.6100839651646301
92,22.0,0.8,0.25,24.94814319225696,22.65430795816834,0.504005903234325
93,22.0,0.8,0.25,24.698132519251725,22.815576810405478,0.4410664912242501
94,22.0,0.8,0.25,24.950900431688748,22.762955780199206,0.3759007830014673
95,22.0,0.8,0.25,24.93571373451736,22.64639705702484,0.35004424798979794
96,22.0,0.8,0.25,24.890259722487702,22.610007747006527,0.31575116865200786
97,22.0,0.8,0.25,24.780455629161693,22.49183850731342,0.2971957424456188
98,22.0,0.8,0.25,24.86687593658502,22.71463407470062,0.28385209186555693
99,22.0,0.8,0.25,24.81172787196177,22.597006980817017,0.2780546450330466
100,22.0,2.8,0.25,24.885610483297963,22.70321014474222,0.26057774017837
101,22.0,2.8,0.25,24.828832616786908,22.581174807975522,0.2635103781463582
102,22.0,2.8,0.25,24.76447850962733,22.66444058567295,0.25159868199506213
103,22.0,2.8,0.25,25.039224111895102,22.520096858666317,0.25191686125065915
104,22.0,2.8,0.25,25.044769978066387,22.560909125043043,0.25980745070998373
105,22.0,2.8,0.75,24.77835076308341,22.646624330421645,0.2484890903029884
106,22.0,2.8,0.75,25.03478977982819,22.697738543638717,0.3852972650602173
107,22.0,2.8,0.75,24.95288710127503,22.72260131530034,0.4920864953812544
108,22.0,2.8,0.75,24.90375036012562,22.90008532787414,0.5738118666045144
109,22.0,2.8,0.75,25.097832637887603,22.54218989643613,0.6182444885015661
110,22.0,2.8,0.75,24.910726338339344,22.69872028891143,0.6505116286961089
111,22.0,2.8,0.75,25.159250965633806,22.711333414464228,0.6773146267712442
112,22.0,2.8,0.75,25.11290402682558,23.037807544168608,0.6998199987944677
113,22.0,2.8,0.75,24.94771076795439,22.733271992066012,0.713815758572271
114,22.0,2.8,0.75,25.087089813002144,22.94008018061092,0.7143573130929421
115,22.0,2.8,0.75,25.1219031475756,22.774921355491763,0.7366562470076531
116,22.0,2.8,0.75,25.100832461950546,22.707819829778167,0.7397986322390555
117,22.0,2.8,0.75,25.206734566177186,22.811544037709034,0.7429170973251423
118,22.0,2.8,0.75,25.349481036894026,22.71848404182947,0.7395389214293432
119,22.0,2.8,0.75,25.32031167761975,22.731165629572473,0.7488141727686194
